
INSERT [dbo].[sys_tenant] ([Id], [Code], [Name], [Description], [ParentId], [Lang], [TimeZone], [AuthUserCount], [ExpireDate], [Theme], [SortNum], [Status], [CreatorId], [CreatorName], [CreateDate], [IsDeleted], [Timestamp]) VALUES (N'5fc5dcb4-7452-416b-9e0f-aa3d0135b220', N'', N'高级租户', NULL, NULL, NULL, 0, 0, NULL, NULL, 0, 1, N'ffffffff-ffff-ffff-ffff-ffffffffffff', N'系统管理员', CAST(N'2019-04-28T18:47:34.077' AS DateTime), 1, NULL)
INSERT [dbo].[sys_tenant] ([Id], [Code], [Name], [Description], [ParentId], [Lang], [TimeZone], [AuthUserCount], [ExpireDate], [Theme], [SortNum], [Status], [CreatorId], [CreatorName], [CreateDate], [IsDeleted], [Timestamp]) VALUES (N'f10daff4-ac90-42fd-aafb-aa3e013a2b84', N'00001', N'集团公司', NULL, NULL, N'zh-cn', 8, 1000, NULL, NULL, 0, 1, N'ffffffff-ffff-ffff-ffff-ffffffffffff', N'系统管理员', CAST(N'2019-04-29T19:03:51.000' AS DateTime), 0, NULL)

INSERT [dbo].[sys_department] ([Id], [TenantId], [ParentId], [No], [Name], [SortNum], [Status], [SourceType], [ThirdId], [IsDeleted], [Timestamp]) VALUES (N'eeb992a4-3877-428e-abd6-aa3e00f20e7c', NULL, NULL, NULL, N'总经办', 0, 1, 0, NULL, 0, NULL)
INSERT [dbo].[sys_department] ([Id], [TenantId], [ParentId], [No], [Name], [SortNum], [Status], [SourceType], [ThirdId], [IsDeleted], [Timestamp]) VALUES (N'1cac2b4d-096d-48b9-8c0e-aa3e00f210eb', NULL, NULL, NULL, N'市场部', 1, 1, 0, NULL, 0, NULL)
INSERT [dbo].[sys_department] ([Id], [TenantId], [ParentId], [No], [Name], [SortNum], [Status], [SourceType], [ThirdId], [IsDeleted], [Timestamp]) VALUES (N'0483a352-041b-4d2b-8262-aa3e00f211bb', NULL, NULL, NULL, N'产品部', 2, 1, 0, NULL, 0, NULL)
INSERT [dbo].[sys_department] ([Id], [TenantId], [ParentId], [No], [Name], [SortNum], [Status], [SourceType], [ThirdId], [IsDeleted], [Timestamp]) VALUES (N'cf381306-9db7-4feb-b054-aa3e00f2d66b', NULL, NULL, NULL, N'项目部', 3, 1, 0, NULL, 0, NULL)

INSERT [dbo].[sys_employee] ([Id], [TenantId], [EmployeeNo], [Account], [Password], [Nickname], [RealName], [Spell], [MobileNo], [Email], [HeadPicture], [Sex], [Birthday], [DepartmentId], [DepartmentName], [Level], [IsStaff], [SortNum], [Status], [SourceType], [ThirdId], [LastModifyPwdDate], [IsDeleted], [Timestamp]) VALUES (N'ffffffff-ffff-ffff-ffff-ffffffffffff', NULL, N'admin', N'admin', N'e10adc3949ba59abbe56e057f20f883e', N'Admin', N'系统管理员', N'admin', N'15909876543', N'', N'', 1, CAST(N'1900-01-01T00:00:00.000' AS DateTime), N'eeb992a4-3877-428e-abd6-aa3e00f20e7c', N'总经办', 0, 0, 0, 1, 0, N'', CAST(N'2019-04-28T18:41:07.043' AS DateTime), 0, NULL)
INSERT [dbo].[sys_employee] ([Id], [TenantId], [EmployeeNo], [Account], [Password], [Nickname], [RealName], [Spell], [MobileNo], [Email], [HeadPicture], [Sex], [Birthday], [DepartmentId], [DepartmentName], [Level], [IsStaff], [SortNum], [Status], [SourceType], [ThirdId], [LastModifyPwdDate], [IsDeleted], [Timestamp]) VALUES (N'00ae4686-f79e-47d3-b1be-bc091f45beda', NULL, N'songjiang', N'songjiang', N'e10adc3949ba59abbe56e057f20f883e', N'及时雨-宋江', N'宋江', NULL, NULL, NULL, NULL, 1, NULL, N'eeb992a4-3877-428e-abd6-aa3e00f20e7c', N'总经办', 0, 1, 0, 1, 0, NULL, NULL, 0, NULL)
INSERT [dbo].[sys_employee] ([Id], [TenantId], [EmployeeNo], [Account], [Password], [Nickname], [RealName], [Spell], [MobileNo], [Email], [HeadPicture], [Sex], [Birthday], [DepartmentId], [DepartmentName], [Level], [IsStaff], [SortNum], [Status], [SourceType], [ThirdId], [LastModifyPwdDate], [IsDeleted], [Timestamp]) VALUES (N'd8999bec-a31a-4077-8b27-a5ce58aa54df', NULL, N'likui', N'likui', N'e10adc3949ba59abbe56e057f20f883e', N'黑旋风-李逵', N'李逵', NULL, NULL, NULL, NULL, 1, NULL, N'cf381306-9db7-4feb-b054-aa3e00f2d66b', N'项目部', 0, 1, 0, 1, 0, NULL, NULL, 0, NULL)

INSERT [dbo].[sys_menu] ([Id], [TenantId], [MenuName], [ParentId], [MenuUrl], [TargetType], [IconCss], [ModuleKey], [SortNum], [Status], [IsDeleted], [Timestamp], [IsQuickMenu]) VALUES (N'6546d325-0644-4aec-a896-45b078e9c83f', N'00000001-0000-0000-0000-000000000000', N'系统管理', NULL, NULL, N'spa-router', N'fa fa-cogs', N'', 3, 1, 0, NULL, 0)
INSERT [dbo].[sys_menu] ([Id], [TenantId], [MenuName], [ParentId], [MenuUrl], [TargetType], [IconCss], [ModuleKey], [SortNum], [Status], [IsDeleted], [Timestamp], [IsQuickMenu]) VALUES (N'92ab9687-a759-4025-b213-f9593fc4451b', N'00000001-0000-0000-0000-000000000000', N'菜单管理', N'6546d325-0644-4aec-a896-45b078e9c83f', N'/sys/menu/list', N'spa-router', N'fa fa-list', N'Sys_Menu', 0, 1, 0, NULL, 0)
INSERT [dbo].[sys_menu] ([Id], [TenantId], [MenuName], [ParentId], [MenuUrl], [TargetType], [IconCss], [ModuleKey], [SortNum], [Status], [IsDeleted], [Timestamp], [IsQuickMenu]) VALUES (N'a0a0fe99-8b7f-4118-9daa-e5ca921b0ac6', N'00000001-0000-0000-0000-000000000000', N'系统参数', N'6546d325-0644-4aec-a896-45b078e9c83f', N'/sys/config/list', N'spa-router', N'fa fa-gear', N'Sys_Config', 2, 1, 0, NULL, 0)
INSERT [dbo].[sys_menu] ([Id], [TenantId], [MenuName], [ParentId], [MenuUrl], [TargetType], [IconCss], [ModuleKey], [SortNum], [Status], [IsDeleted], [Timestamp], [IsQuickMenu]) VALUES (N'58b0c4b4-5294-4f4a-a9c0-c8fe71a5ad75', N'00000001-0000-0000-0000-000000000000', N'组织架构', N'6546d325-0644-4aec-a896-45b078e9c83f', N'/sys/department/list', N'spa-router', N'fa fa-users', N'Sys_Department', 1, 1, 0, NULL, 0)
INSERT [dbo].[sys_menu] ([Id], [TenantId], [MenuName], [ParentId], [MenuUrl], [TargetType], [IconCss], [ModuleKey], [SortNum], [Status], [IsDeleted], [Timestamp], [IsQuickMenu]) VALUES (N'bd79ada9-e5d2-4e42-bcc5-3a3cf437ab43', N'00000001-0000-0000-0000-000000000000', N'员工管理', N'6546d325-0644-4aec-a896-45b078e9c83f', N'/sys/employee/list', N'spa-router', N'fa fa-user', N'Sys_Employee', 3, 1, 0, NULL, 0)
INSERT [dbo].[sys_menu] ([Id], [TenantId], [MenuName], [ParentId], [MenuUrl], [TargetType], [IconCss], [ModuleKey], [SortNum], [Status], [IsDeleted], [Timestamp], [IsQuickMenu]) VALUES (N'fc19b6b1-5e74-45a1-924c-71a5a9cf4327', N'00000001-0000-0000-0000-000000000000', N'角色权限', N'6546d325-0644-4aec-a896-45b078e9c83f', N'/sys/role/list', N'spa-router', N'fa fa-male', N'Sys_Role', 4, 1, 0, NULL, 0)
INSERT [dbo].[sys_menu] ([Id], [TenantId], [MenuName], [ParentId], [MenuUrl], [TargetType], [IconCss], [ModuleKey], [SortNum], [Status], [IsDeleted], [Timestamp], [IsQuickMenu]) VALUES (N'05fb1e4f-dae8-40fa-8da2-f0c264cc7bbb', N'00000001-0000-0000-0000-000000000000', N'模块管理', N'6546d325-0644-4aec-a896-45b078e9c83f', N'/sys/module/list', N'spa-router', N'fa fa-file-code-o', N'Sys_Module', 5, 1, 0, NULL, 0)
INSERT [dbo].[sys_menu] ([Id], [TenantId], [MenuName], [ParentId], [MenuUrl], [TargetType], [IconCss], [ModuleKey], [SortNum], [Status], [IsDeleted], [Timestamp], [IsQuickMenu]) VALUES (N'f0365c6f-e95e-4d3e-b7a8-7980dd1b3086', N'00000001-0000-0000-0000-000000000000', N'权限定义', N'6546d325-0644-4aec-a896-45b078e9c83f', N'/sys/permission/list', N'spa-router', N'fa fa-lock', N'Sys_Permission', 6, 1, 0, NULL, 0)
INSERT [dbo].[sys_menu] ([Id], [TenantId], [MenuName], [ParentId], [MenuUrl], [TargetType], [IconCss], [ModuleKey], [SortNum], [Status], [IsDeleted], [Timestamp], [IsQuickMenu]) VALUES (N'85a7c078-4a5a-4242-860d-39149e75345d', N'00000001-0000-0000-0000-000000000000', N'字典管理', N'6546d325-0644-4aec-a896-45b078e9c83f', N'/sys/dictionary/list', N'spa-router', N'fa fa-book', N'Sys_Dictionary', 7, 1, 0, NULL, 0)
INSERT [dbo].[sys_menu] ([Id], [TenantId], [MenuName], [ParentId], [MenuUrl], [TargetType], [IconCss], [ModuleKey], [SortNum], [Status], [IsDeleted], [Timestamp], [IsQuickMenu]) VALUES (N'2eb1f9ae-52bd-42b9-9dde-a7c6b961cd66', N'00000001-0000-0000-0000-000000000000', N'租户管理', N'6546d325-0644-4aec-a896-45b078e9c83f', N'/sys/tenant/list', N'spa-router', N'fa fa-book', N'Sys_Tenant', 8, 1, 0, NULL, 0)

INSERT [dbo].[sys_module] ([Id], [TenantId], [ModuleKey], [ModuleName], [ApplicationName], [SortNum], [Status], [IsDeleted], [Timestamp]) VALUES (N'de7c4a69-e0f2-4326-8102-21448ea76c22', N'00000001-0000-0000-0000-000000000000', N'Sys_Menu', N'菜单管理', N'系统管理', 0, 0, 0, NULL)
INSERT [dbo].[sys_module] ([Id], [TenantId], [ModuleKey], [ModuleName], [ApplicationName], [SortNum], [Status], [IsDeleted], [Timestamp]) VALUES (N'a6f10ae9-75d1-4dc6-bcdd-03a7a609992c', N'00000001-0000-0000-0000-000000000000', N'Sys_Config', N'系统参数', N'系统管理', 0, 0, 0, NULL)
INSERT [dbo].[sys_module] ([Id], [TenantId], [ModuleKey], [ModuleName], [ApplicationName], [SortNum], [Status], [IsDeleted], [Timestamp]) VALUES (N'03e80247-463f-4f96-93fc-1d0e3f9c98f8', N'00000001-0000-0000-0000-000000000000', N'Sys_Department', N'组织架构', N'系统管理', 0, 0, 0, NULL)
INSERT [dbo].[sys_module] ([Id], [TenantId], [ModuleKey], [ModuleName], [ApplicationName], [SortNum], [Status], [IsDeleted], [Timestamp]) VALUES (N'07538144-7af8-48f4-8dfb-5bd851480ddf', N'00000001-0000-0000-0000-000000000000', N'Sys_Employee', N'员工管理', N'系统管理', 0, 0, 0, NULL)
INSERT [dbo].[sys_module] ([Id], [TenantId], [ModuleKey], [ModuleName], [ApplicationName], [SortNum], [Status], [IsDeleted], [Timestamp]) VALUES (N'4efd5a27-63e1-417d-a881-7235bc0b0764', N'00000001-0000-0000-0000-000000000000', N'Sys_Role', N'角色权限', N'系统管理', 0, 0, 0, NULL)
INSERT [dbo].[sys_module] ([Id], [TenantId], [ModuleKey], [ModuleName], [ApplicationName], [SortNum], [Status], [IsDeleted], [Timestamp]) VALUES (N'c9467b99-97a5-4d97-b1a6-602a2f814c8d', N'00000001-0000-0000-0000-000000000000', N'Sys_Module', N'模块管理', N'系统管理', 0, 0, 0, NULL)
INSERT [dbo].[sys_module] ([Id], [TenantId], [ModuleKey], [ModuleName], [ApplicationName], [SortNum], [Status], [IsDeleted], [Timestamp]) VALUES (N'667b7dc7-e7a8-4a24-b117-9ec4e25f5c3d', N'00000001-0000-0000-0000-000000000000', N'Sys_Permission', N'权限定义', N'系统管理', 0, 0, 0, NULL)
INSERT [dbo].[sys_module] ([Id], [TenantId], [ModuleKey], [ModuleName], [ApplicationName], [SortNum], [Status], [IsDeleted], [Timestamp]) VALUES (N'02002db3-5439-43a6-b901-c55c0e2d0373', N'00000001-0000-0000-0000-000000000000', N'Sys_Dictionary', N'数据字典', N'系统管理', 0, 0, 0, NULL)
INSERT [dbo].[sys_module] ([Id], [TenantId], [ModuleKey], [ModuleName], [ApplicationName], [SortNum], [Status], [IsDeleted], [Timestamp]) VALUES (N'a3c6a883-d09e-4cc4-9703-b8959bcc6fff', N'00000001-0000-0000-0000-000000000000', N'Sys_Tenant', N'租户管理', N'系统管理', 0, 0, 0, NULL)

INSERT [dbo].[sys_role] ([Id], [TenantId], [RoleName], [SortNum], [Status], [IsDeleted], [Timestamp]) VALUES (N'0e97899c-8c1e-4a72-923c-aa3f01286052', N'00000001-0000-0000-0000-000000000000', N'测试角色', 1, 1, 0, NULL)

INSERT [dbo].[sys_role_member] ([Id], [TenantId], [RoleId], [MemberType], [MemberId], [MemberName], [Timestamp]) VALUES (N'571efbb8-3942-463b-afaf-aa46004e67b9', N'00000001-0000-0000-0000-000000000000', N'0e97899c-8c1e-4a72-923c-aa3f01286052', 1, N'211859cd-f70b-490a-96a6-4924d75c0016', N'feng', NULL)

INSERT [dbo].[sys_role_permission] ([Id], [TenantId], [RoleId], [PermissionId], [Timestamp]) VALUES (N'7036920f-108f-416a-bd66-aa46004e70cf', N'00000001-0000-0000-0000-000000000000', N'0e97899c-8c1e-4a72-923c-aa3f01286052', N'3ca0bc89-0768-4600-b832-1502a7502513', NULL)
INSERT [dbo].[sys_role_permission] ([Id], [TenantId], [RoleId], [PermissionId], [Timestamp]) VALUES (N'7be03ce5-b49e-42e2-92d0-aa46004e70cf', N'00000001-0000-0000-0000-000000000000', N'0e97899c-8c1e-4a72-923c-aa3f01286052', N'db367ed9-3b35-44e8-9a03-7ac938bd3793', NULL)

INSERT [dbo].[sys_permission] ([Id], [TenantId], [Name], [ModuleId], [ModuleKey], [Operations], [Actions], [Timestamp], [SortNum]) VALUES (N'db367ed9-3b35-44e8-9a03-7ac938bd3793', N'00000001-0000-0000-0000-000000000000', N'查看', N'de7c4a69-e0f2-4326-8102-21448ea76c22', N'Sys_Menu', N'read', N'/Sys/Menu/LoadMenus', NULL, 1)
INSERT [dbo].[sys_permission] ([Id], [TenantId], [Name], [ModuleId], [ModuleKey], [Operations], [Actions], [Timestamp], [SortNum]) VALUES (N'3ca0bc89-0768-4600-b832-1502a7502513', N'00000001-0000-0000-0000-000000000000', N'管理', N'de7c4a69-e0f2-4326-8102-21448ea76c22', N'Sys_Menu', N'read|add|modify|delete', N'/Sys/Menu/New|/Sys/Menu/Save|/Sys/Menu/Delete', NULL, 1)
INSERT [dbo].[sys_permission] ([Id], [TenantId], [Name], [ModuleId], [ModuleKey], [Operations], [Actions], [Timestamp], [SortNum]) VALUES (N'80cac12e-6b71-497b-a57d-d4c3efe4e5d5', N'00000001-0000-0000-0000-000000000000', N'查看', N'a6f10ae9-75d1-4dc6-bcdd-03a7a609992c', N'Sys_Config', N'read', N'/Sys/Config/List|/Sys/Config/Query|/Sys/Config/Get', NULL, 1)
INSERT [dbo].[sys_permission] ([Id], [TenantId], [Name], [ModuleId], [ModuleKey], [Operations], [Actions], [Timestamp], [SortNum]) VALUES (N'8549699a-f3d4-4ae1-add7-d4c3fe3b6bea', N'00000001-0000-0000-0000-000000000000', N'管理', N'a6f10ae9-75d1-4dc6-bcdd-03a7a609992c', N'Sys_Config', N'read|add|modify|delete', N'/Sys/Config/Save|/Sys/Config/Delete', NULL, 1)
INSERT [dbo].[sys_permission] ([Id], [TenantId], [Name], [ModuleId], [ModuleKey], [Operations], [Actions], [Timestamp], [SortNum]) VALUES (N'2f420151-fbe4-4e8a-8e0f-046fe34c62fd', N'00000001-0000-0000-0000-000000000000', N'查看', N'03e80247-463f-4f96-93fc-1d0e3f9c98f8', N'Sys_Department', N'read', N'/Sys/Department/LoadJsTreeNodes|/Sys/Department/Get', NULL, 1)
INSERT [dbo].[sys_permission] ([Id], [TenantId], [Name], [ModuleId], [ModuleKey], [Operations], [Actions], [Timestamp], [SortNum]) VALUES (N'b0cb03ef-bfe5-4a1d-be2f-c631986c4f70', N'00000001-0000-0000-0000-000000000000', N'管理', N'03e80247-463f-4f96-93fc-1d0e3f9c98f8', N'Sys_Department', N'read|add|modify|delete', N'/Sys/Department/New|/Sys/Department/Save|/Sys/Department/Delete|/Sys/Department/NodeMove', NULL, 1)
INSERT [dbo].[sys_permission] ([Id], [TenantId], [Name], [ModuleId], [ModuleKey], [Operations], [Actions], [Timestamp], [SortNum]) VALUES (N'f383aeb8-6522-4eb5-b9ad-b26b4ac78860', N'00000001-0000-0000-0000-000000000000', N'查看', N'07538144-7af8-48f4-8dfb-5bd851480ddf', N'Sys_Employee', N'read', N'/Sys/Employee/Query|/Sys/Employee/Get', NULL, 1)
INSERT [dbo].[sys_permission] ([Id], [TenantId], [Name], [ModuleId], [ModuleKey], [Operations], [Actions], [Timestamp], [SortNum]) VALUES (N'04d39340-5e31-4a34-8416-d89ad0d1dc11', N'00000001-0000-0000-0000-000000000000', N'管理', N'07538144-7af8-48f4-8dfb-5bd851480ddf', N'Sys_Employee', N'read|add|modify|delete', N'/Sys/Employee/New|/Sys/Employee/Save|/Sys/Employee/Delete', NULL, 1)
INSERT [dbo].[sys_permission] ([Id], [TenantId], [Name], [ModuleId], [ModuleKey], [Operations], [Actions], [Timestamp], [SortNum]) VALUES (N'f1613f64-7ae1-4c69-b73b-7cae50706778', N'00000001-0000-0000-0000-000000000000', N'查看', N'4efd5a27-63e1-417d-a881-7235bc0b0764', N'Sys_Role', N'read', N'/Sys/Role/Query|/Sys/Role/Get', NULL, 1)
INSERT [dbo].[sys_permission] ([Id], [TenantId], [Name], [ModuleId], [ModuleKey], [Operations], [Actions], [Timestamp], [SortNum]) VALUES (N'8d55edf3-9c43-4c0e-a8f2-c367f407523a', N'00000001-0000-0000-0000-000000000000', N'管理', N'4efd5a27-63e1-417d-a881-7235bc0b0764', N'Sys_Role', N'read|add|modify|delete', N'/Sys/Role/New|/Sys/Role/Save|/Sys/Role/Delete', NULL, 1)
INSERT [dbo].[sys_permission] ([Id], [TenantId], [Name], [ModuleId], [ModuleKey], [Operations], [Actions], [Timestamp], [SortNum]) VALUES (N'd9b70caa-2559-4e51-8cc7-e01be647143a', N'00000001-0000-0000-0000-000000000000', N'查看', N'c9467b99-97a5-4d97-b1a6-602a2f814c8d', N'Sys_Module', N'read', N'/Sys/Module/Query|/Sys/Module/Get', NULL, 1)
INSERT [dbo].[sys_permission] ([Id], [TenantId], [Name], [ModuleId], [ModuleKey], [Operations], [Actions], [Timestamp], [SortNum]) VALUES (N'6c2f8cb2-eb92-456b-b635-25f8da1fbfe1', N'00000001-0000-0000-0000-000000000000', N'管理', N'c9467b99-97a5-4d97-b1a6-602a2f814c8d', N'Sys_Module', N'read|add|modify|delete', N'/Sys/Module/New|/Sys/Module/Save|/Sys/Module/Delete', NULL, 1)
INSERT [dbo].[sys_permission] ([Id], [TenantId], [Name], [ModuleId], [ModuleKey], [Operations], [Actions], [Timestamp], [SortNum]) VALUES (N'eb6c07c8-acae-4a1e-857a-7b0ab78e5117', N'00000001-0000-0000-0000-000000000000', N'查看', N'667b7dc7-e7a8-4a24-b117-9ec4e25f5c3d', N'Sys_Permission', N'read', N'/Sys/Permission/Query|/Sys/Permission/Get', NULL, 1)
INSERT [dbo].[sys_permission] ([Id], [TenantId], [Name], [ModuleId], [ModuleKey], [Operations], [Actions], [Timestamp], [SortNum]) VALUES (N'06284748-6bd6-40ba-b6e8-0cf49d5050c3', N'00000001-0000-0000-0000-000000000000', N'管理', N'667b7dc7-e7a8-4a24-b117-9ec4e25f5c3d', N'Sys_Permission', N'read|add|modify|delete', N'/Sys/Permission/New|/Sys/Permission/Save|/Sys/Permission/Delete', NULL, 1)
INSERT [dbo].[sys_permission] ([Id], [TenantId], [Name], [ModuleId], [ModuleKey], [Operations], [Actions], [Timestamp], [SortNum]) VALUES (N'735c28cf-cf5e-457b-9a31-b9cfaedc96f8', N'00000001-0000-0000-0000-000000000000', N'查看', N'02002db3-5439-43a6-b901-c55c0e2d0373', N'Sys_Dictionary', N'read', N'/Sys/Dictionary/Query|/Sys/Dictionary/Get', NULL, 1)
INSERT [dbo].[sys_permission] ([Id], [TenantId], [Name], [ModuleId], [ModuleKey], [Operations], [Actions], [Timestamp], [SortNum]) VALUES (N'd84e6bc8-21ea-4c96-8140-6217ce5dcf39', N'00000001-0000-0000-0000-000000000000', N'管理', N'02002db3-5439-43a6-b901-c55c0e2d0373', N'Sys_Dictionary', N'read|add|modify|delete', N'/Sys/Dictionary/New|/Sys/Dictionary/Save|/Sys/Dictionary/Delete', NULL, 1)
INSERT [dbo].[sys_permission] ([Id], [TenantId], [Name], [ModuleId], [ModuleKey], [Operations], [Actions], [Timestamp], [SortNum]) VALUES (N'c253a8a3-1a00-483d-8b9c-4f9e27a9f36e', N'00000001-0000-0000-0000-000000000000', N'查看', N'a3c6a883-d09e-4cc4-9703-b8959bcc6fff', N'Sys_Tenant', N'read', N'', NULL, 1)
INSERT [dbo].[sys_permission] ([Id], [TenantId], [Name], [ModuleId], [ModuleKey], [Operations], [Actions], [Timestamp], [SortNum]) VALUES (N'9420a027-2817-4193-a0eb-cc30c0086077', N'00000001-0000-0000-0000-000000000000', N'管理', N'a3c6a883-d09e-4cc4-9703-b8959bcc6fff', N'Sys_Tenant', N'read|add|modify|delete', N'', NULL, 1)

INSERT [dbo].[sys_dictionary] ([Id], [ParentId], [ItemKey], [ItemText], [ItemValue], [SortNum], [Status], [Timestamp]) VALUES (N'46699c20-cf8a-4402-99c6-4d1eea63861e', NULL, N'OF.Sys.Operation', N'操作权限', N'', 1, 1, NULL)
INSERT [dbo].[sys_dictionary] ([Id], [ParentId], [ItemKey], [ItemText], [ItemValue], [SortNum], [Status], [Timestamp]) VALUES (N'7caee61b-5c9e-41d0-9ede-a2e94c95185b', N'46699c20-cf8a-4402-99c6-4d1eea63861e', N'OF.Sys.Operation.Read', N'查看', N'read', 1, 1, NULL)
INSERT [dbo].[sys_dictionary] ([Id], [ParentId], [ItemKey], [ItemText], [ItemValue], [SortNum], [Status], [Timestamp]) VALUES (N'07c38335-ba3c-46c4-bb6a-ebcfa8c03b04', N'46699c20-cf8a-4402-99c6-4d1eea63861e', N'OF.Sys.Operation.Add', N'新增', N'add', 2, 1, NULL)
INSERT [dbo].[sys_dictionary] ([Id], [ParentId], [ItemKey], [ItemText], [ItemValue], [SortNum], [Status], [Timestamp]) VALUES (N'2074c8d0-9e3b-40e8-90c6-b8cc98e3ad4b', N'46699c20-cf8a-4402-99c6-4d1eea63861e', N'OF.Sys.Operation.Modify', N'修改', N'modify', 3, 1, NULL)
INSERT [dbo].[sys_dictionary] ([Id], [ParentId], [ItemKey], [ItemText], [ItemValue], [SortNum], [Status], [Timestamp]) VALUES (N'7df0910d-ab00-4e9b-a47e-c037a3e97faf', N'46699c20-cf8a-4402-99c6-4d1eea63861e', N'OF.Sys.Operation.Delete', N'删除', N'delete', 4, 1, NULL)
INSERT [dbo].[sys_dictionary] ([Id], [ParentId], [ItemKey], [ItemText], [ItemValue], [SortNum], [Status], [Timestamp]) VALUES (N'ec1fcfc3-869d-4dca-a032-2d79f3062bbe', N'46699c20-cf8a-4402-99c6-4d1eea63861e', N'OF.Sys.Operation.Upload', N'上传', N'upload', 5, 1, NULL)
INSERT [dbo].[sys_dictionary] ([Id], [ParentId], [ItemKey], [ItemText], [ItemValue], [SortNum], [Status], [Timestamp]) VALUES (N'e9ae8c1f-ae76-45ba-bf8d-0ccaa90bf933', N'46699c20-cf8a-4402-99c6-4d1eea63861e', N'OF.Sys.Operation.Download', N'下载', N'download', 6, 1, NULL)
INSERT [dbo].[sys_dictionary] ([Id], [ParentId], [ItemKey], [ItemText], [ItemValue], [SortNum], [Status], [Timestamp]) VALUES (N'66b38628-3e56-4d63-b707-13ddfa0f01dd', N'46699c20-cf8a-4402-99c6-4d1eea63861e', N'OF.Sys.Operation.Import', N'导入', N'import', 7, 1, NULL)
INSERT [dbo].[sys_dictionary] ([Id], [ParentId], [ItemKey], [ItemText], [ItemValue], [SortNum], [Status], [Timestamp]) VALUES (N'2ee4855e-8379-4ac1-9ef3-cd23ecb31d66', N'46699c20-cf8a-4402-99c6-4d1eea63861e', N'OF.Sys.Operation.Export', N'导出', N'export', 8, 1, NULL)
INSERT [dbo].[sys_dictionary] ([Id], [ParentId], [ItemKey], [ItemText], [ItemValue], [SortNum], [Status], [Timestamp]) VALUES (N'f31fcafa-5542-482a-b665-42f46ba3e458', N'46699c20-cf8a-4402-99c6-4d1eea63861e', N'OF.Sys.Operation.Control', N'操作', N'control', 9, 1, NULL)
INSERT [dbo].[sys_dictionary] ([Id], [ParentId], [ItemKey], [ItemText], [ItemValue], [SortNum], [Status], [Timestamp]) VALUES (N'08094b7c-bf51-44bd-8080-a14ac433a6b0', N'46699c20-cf8a-4402-99c6-4d1eea63861e', N'OF.Sys.Operation.Extend1', N'扩展1', N'extend1', 10, 1, NULL)
INSERT [dbo].[sys_dictionary] ([Id], [ParentId], [ItemKey], [ItemText], [ItemValue], [SortNum], [Status], [Timestamp]) VALUES (N'1b53ad84-bb86-4171-9fab-5e167b1ef837', N'46699c20-cf8a-4402-99c6-4d1eea63861e', N'OF.Sys.Operation.Extend2', N'扩展2', N'extend2', 11, 1, NULL)
INSERT [dbo].[sys_dictionary] ([Id], [ParentId], [ItemKey], [ItemText], [ItemValue], [SortNum], [Status], [Timestamp]) VALUES (N'45ffad96-a292-46b7-abbe-54bf3cb0b25c', N'46699c20-cf8a-4402-99c6-4d1eea63861e', N'OF.Sys.Operation.Extend3', N'扩展3', N'extend3', 12, 1, NULL)
